INSERT INTO `t_user` (`id`, `user_id`, `user_name`, `pass_word`) VALUES (1, 'admin', '公司管理员', 'admin');

INSERT INTO `t_cinfo` (`id`, `type`) VALUES (1, 'GSJJ');


INSERT INTO `t_dict` (`id`, `adate`, `auser_id`, `cdate`, `comment`, `cuser_id`, `status`, `udate`, `uuser_id`, `name`, `type`) VALUES (1, NULL, 0, '2013-6-6 20:40:48', '', 3, 0, '2013-6-6 20:40:48', 3, '水稻A', 'CPLB');
INSERT INTO `t_dict` (`id`, `adate`, `auser_id`, `cdate`, `comment`, `cuser_id`, `status`, `udate`, `uuser_id`, `name`, `type`) VALUES (2, NULL, 0, '2013-6-6 20:40:57', '', 3, 0, '2013-6-6 20:40:57', 3, '水稻B', 'CPLB');
INSERT INTO `t_dict` (`id`, `adate`, `auser_id`, `cdate`, `comment`, `cuser_id`, `status`, `udate`, `uuser_id`, `name`, `type`) VALUES (3, NULL, 0, '2013-6-6 20:41:03', '', 3, 0, '2013-6-6 20:41:03', 3, '玉米A', 'CPLB');
INSERT INTO `t_dict` (`id`, `adate`, `auser_id`, `cdate`, `comment`, `cuser_id`, `status`, `udate`, `uuser_id`, `name`, `type`) VALUES (4, NULL, 0, '2013-6-6 20:41:09', '', 3, 0, '2013-6-6 20:41:09', 3, '玉米B', 'CPLB');
INSERT INTO `t_dict` (`id`, `adate`, `auser_id`, `cdate`, `comment`, `cuser_id`, `status`, `udate`, `uuser_id`, `name`, `type`) VALUES (5, NULL, 0, '2013-6-6 20:41:15', '', 3, 0, '2013-6-6 20:41:15', 3, '小麦A', 'CPLB');
INSERT INTO `t_dict` (`id`, `adate`, `auser_id`, `cdate`, `comment`, `cuser_id`, `status`, `udate`, `uuser_id`, `name`, `type`) VALUES (6, NULL, 0, '2013-6-6 20:41:20', '', 3, 0, '2013-6-6 20:41:20', 3, '小麦B', 'CPLB');
INSERT INTO `t_dict` (`id`, `adate`, `auser_id`, `cdate`, `comment`, `cuser_id`, `status`, `udate`, `uuser_id`, `name`, `type`) VALUES (7, NULL, 0, '2013-6-6 20:41:26', '', 3, 0, '2013-6-6 20:41:26', 3, '高粱A', 'CPLB');
INSERT INTO `t_dict` (`id`, `adate`, `auser_id`, `cdate`, `comment`, `cuser_id`, `status`, `udate`, `uuser_id`, `name`, `type`) VALUES (8, NULL, 0, '2013-6-6 20:41:31', '', 3, 0, '2013-6-6 20:41:31', 3, '高粱B', 'CPLB');
INSERT INTO `t_dict` (`id`, `adate`, `auser_id`, `cdate`, `comment`, `cuser_id`, `status`, `udate`, `uuser_id`, `name`, `type`) VALUES (9, NULL, 0, '2013-6-6 20:41:49', '', 3, 0, '2013-6-6 20:41:49', 3, '插秧机', 'JXLB');
INSERT INTO `t_dict` (`id`, `adate`, `auser_id`, `cdate`, `comment`, `cuser_id`, `status`, `udate`, `uuser_id`, `name`, `type`) VALUES (10, NULL, 0, '2013-6-6 20:41:56', '', 3, 0, '2013-6-6 20:41:56', 3, '收割机', 'JXLB');
INSERT INTO `t_dict` (`id`, `adate`, `auser_id`, `cdate`, `comment`, `cuser_id`, `status`, `udate`, `uuser_id`, `name`, `type`) VALUES (11, NULL, 0, '2013-6-6 20:42:05', '', 3, 0, '2013-6-6 20:42:05', 3, '播种机', 'JXLB');
INSERT INTO `t_dict` (`id`, `adate`, `auser_id`, `cdate`, `comment`, `cuser_id`, `status`, `udate`, `uuser_id`, `name`, `type`) VALUES (15, NULL, 0, '2013-6-6 20:42:56', '', 3, 0, '2013-6-6 20:42:56', 3, '纯人工', 'SGFF');
INSERT INTO `t_dict` (`id`, `adate`, `auser_id`, `cdate`, `comment`, `cuser_id`, `status`, `udate`, `uuser_id`, `name`, `type`) VALUES (16, NULL, 0, '2013-6-6 20:43:04', '', 3, 0, '2013-6-6 20:43:04', 3, '半自动化', 'SGFF');
INSERT INTO `t_dict` (`id`, `adate`, `auser_id`, `cdate`, `comment`, `cuser_id`, `status`, `udate`, `uuser_id`, `name`, `type`) VALUES (17, NULL, 0, '2013-6-6 20:43:12', '', 3, 0, '2013-6-6 20:43:12', 3, '全自动化', 'SGFF');
INSERT INTO `t_dict` (`id`, `adate`, `auser_id`, `cdate`, `comment`, `cuser_id`, `status`, `udate`, `uuser_id`, `name`, `type`) VALUES (18, NULL, 0, '2013-6-6 20:48:51', '', 3, 0, '2013-6-6 20:48:51', 3, '方法1', 'SYFF');
INSERT INTO `t_dict` (`id`, `adate`, `auser_id`, `cdate`, `comment`, `cuser_id`, `status`, `udate`, `uuser_id`, `name`, `type`) VALUES (19, NULL, 0, '2013-6-6 20:48:57', '', 3, 0, '2013-6-6 20:48:57', 3, '方法2', 'SYFF');
INSERT INTO `t_dict` (`id`, `adate`, `auser_id`, `cdate`, `comment`, `cuser_id`, `status`, `udate`, `uuser_id`, `name`, `type`) VALUES (20, NULL, 0, '2013-6-6 20:49:05', '', 3, 0, '2013-6-6 20:49:05', 3, '局部', 'GGFS');
INSERT INTO `t_dict` (`id`, `adate`, `auser_id`, `cdate`, `comment`, `cuser_id`, `status`, `udate`, `uuser_id`, `name`, `type`) VALUES (21, NULL, 0, '2013-6-6 20:49:16', '', 3, 0, '2013-6-6 20:49:16', 3, '全', 'GGFS');
INSERT INTO `t_dict` (`id`, `adate`, `auser_id`, `cdate`, `comment`, `cuser_id`, `status`, `udate`, `uuser_id`, `name`, `type`) VALUES (22, '2013-8-29 08:44:26', 2, '2013-8-29 08:44:20', '', 2, 2, '2013-8-29 08:44:20', 2, '茶叶A', 'CPLB');

INSERT INTO `t_grow_farm` (`id`, `adate`, `auser_id`, `cdate`, `comment`, `cuser_id`, `status`, `udate`, `uuser_id`, `activitydate`, `cell_id`, `content`, `manager`, `persons`, `register_id`, `scale`) VALUES (1, NULL, 0, '2013-6-6 20:54:28', '', 3, 0, '2013-6-6 20:54:42', 3, '2013-6-2 00:00:00', 0, '除草', '张经理', 1, 1, 1.00);
INSERT INTO `t_grow_farm` (`id`, `adate`, `auser_id`, `cdate`, `comment`, `cuser_id`, `status`, `udate`, `uuser_id`, `activitydate`, `cell_id`, `content`, `manager`, `persons`, `register_id`, `scale`) VALUES (2, NULL, 0, '2013-6-6 20:55:06', '', 3, 0, '2013-6-6 20:55:06', 3, '2013-6-2 00:00:00', 0, '施肥', 'GJIA', 2, 1, 2.00);
INSERT INTO `t_grow_farm` (`id`, `adate`, `auser_id`, `cdate`, `comment`, `cuser_id`, `status`, `udate`, `uuser_id`, `activitydate`, `cell_id`, `content`, `manager`, `persons`, `register_id`, `scale`) VALUES (3, '2013-8-29 06:41:38', 2, '2013-8-29 06:41:33', '机械播种，1天完成', 2, 2, '2013-8-29 06:41:33', 2, '2013-8-29 00:00:00', 0, '播种', '王**', 20, 4, 500.00);
INSERT INTO `t_grow_farm` (`id`, `adate`, `auser_id`, `cdate`, `comment`, `cuser_id`, `status`, `udate`, `uuser_id`, `activitydate`, `cell_id`, `content`, `manager`, `persons`, `register_id`, `scale`) VALUES (4, NULL, 0, '2013-8-29 06:41:58', '', 2, 0, '2013-8-29 06:41:58', 2, '2013-8-30 00:00:00', 0, '灌溉', '王', 3, 4, 500.00);
INSERT INTO `t_grow_farm` (`id`, `adate`, `auser_id`, `cdate`, `comment`, `cuser_id`, `status`, `udate`, `uuser_id`, `activitydate`, `cell_id`, `content`, `manager`, `persons`, `register_id`, `scale`) VALUES (5, NULL, 0, '2013-8-29 06:42:20', '', 2, 0, '2013-8-29 06:42:20', 2, '2013-9-12 00:00:00', 0, '除草', '王', 20, 4, 500.00);


INSERT INTO `t_grow_harvest` (`id`, `adate`, `auser_id`, `cdate`, `comment`, `cuser_id`, `status`, `udate`, `uuser_id`, `batch`, `cell_id`, `method`, `operatedate`, `product`, `register_id`, `respmanager`, `scale`, `storage`, `storemanager`, `yield`) VALUES (1, '2013-8-29 07:00:17', 2, '2013-8-29 07:00:10', '', 2, 2, '2013-8-29 07:00:10', 2, 20130830, 0, '人工', '2013-8-30 00:00:00', '甜玉米', 4, '王', 500.00, 'A仓库', '李', 25.00);
INSERT INTO `t_grow_harvest` (`id`, `adate`, `auser_id`, `cdate`, `comment`, `cuser_id`, `status`, `udate`, `uuser_id`, `batch`, `cell_id`, `method`, `operatedate`, `product`, `register_id`, `respmanager`, `scale`, `storage`, `storemanager`, `yield`) VALUES (2, NULL, 0, '2013-8-29 07:00:47', '', 2, 0, '2013-8-29 07:00:47', 2, 20130831, 0, '人', '2013-8-31 00:00:00', '甜玉米', 4, 'B', 100.00, 'B', 'C', 5.00);

INSERT INTO `t_grow_irrigate` (`id`, `adate`, `auser_id`, `cdate`, `comment`, `cuser_id`, `status`, `udate`, `uuser_id`, `area`, `cell_id`, `date`, `manager`, `quantum`, `register_id`, `way`) VALUES (1, NULL, 0, '2013-6-6 20:55:34', '', 3, 0, '2013-6-6 20:55:34', 3, 23.00, 0, '2013-5-27 00:00:00', 'ag', 2.00, 1, 'a');

INSERT INTO `t_grow_manure` (`id`, `adate`, `auser_id`, `cdate`, `comment`, `cuser_id`, `status`, `udate`, `uuser_id`, `cell_id`, `isolation`, `machinecate`, `method`, `name_id`, `reason`, `register_id`, `stock_id`, `tech`, `usedate`, `useperson`, `useqty`) VALUES (1, NULL, 0, '2013-6-6 20:55:54', NULL, 3, 0, '2013-6-6 20:55:54', 3, 0, 1.00, 9, 18, 1, '2ag', 1, 0, 'gn', '2013-6-4 00:00:00', 'ag', 23.00);
INSERT INTO `t_grow_manure` (`id`, `adate`, `auser_id`, `cdate`, `comment`, `cuser_id`, `status`, `udate`, `uuser_id`, `cell_id`, `isolation`, `machinecate`, `method`, `name_id`, `reason`, `register_id`, `stock_id`, `tech`, `usedate`, `useperson`, `useqty`) VALUES (2, '2013-8-29 06:43:33', 2, '2013-8-29 06:43:28', NULL, 2, 2, '2013-8-29 06:43:28', 2, 0, 0.00, 11, 18, 1, '基肥', 4, 0, '李', '2013-8-29 00:00:00', '王', 500.00);
INSERT INTO `t_grow_manure` (`id`, `adate`, `auser_id`, `cdate`, `comment`, `cuser_id`, `status`, `udate`, `uuser_id`, `cell_id`, `isolation`, `machinecate`, `method`, `name_id`, `reason`, `register_id`, `stock_id`, `tech`, `usedate`, `useperson`, `useqty`) VALUES (3, NULL, 0, '2013-8-29 06:44:01', NULL, 2, 0, '2013-8-29 06:44:01', 2, 0, 0.00, 9, 19, 20, '提供营养', 4, 0, '李', '2013-8-30 00:00:00', '王', 200.00);

INSERT INTO `t_grow_register` (`id`, `adate`, `auser_id`, `cdate`, `comment`, `cuser_id`, `status`, `udate`, `uuser_id`, `cell_id`, `description`, `growstatus`, `person`, `product_id`, `qrcode`, `regdate`, `reguser_id`) VALUES (1, '2013-6-6 20:53:42', 3, '2013-6-6 20:51:26', '早稻', 3, 2, '2013-6-6 20:51:26', 3, 1, '早稻', 1, '张', 1, NULL, '2013-6-3 00:00:00', 0);
INSERT INTO `t_grow_register` (`id`, `adate`, `auser_id`, `cdate`, `comment`, `cuser_id`, `status`, `udate`, `uuser_id`, `cell_id`, `description`, `growstatus`, `person`, `product_id`, `qrcode`, `regdate`, `reguser_id`) VALUES (3, '2013-8-28 03:04:15', 2, '2013-8-28 03:03:54', '测试', 2, 2, '2013-8-28 03:03:54', 2, 3, '测试', 1, 'hans', 3, NULL, '2013-8-7 00:00:00', 0);
INSERT INTO `t_grow_register` (`id`, `adate`, `auser_id`, `cdate`, `comment`, `cuser_id`, `status`, `udate`, `uuser_id`, `cell_id`, `description`, `growstatus`, `person`, `product_id`, `qrcode`, `regdate`, `reguser_id`) VALUES (4, '2013-8-29 06:39:48', 2, '2013-8-29 06:39:13', '生产期8月-10月', 2, 2, '2013-8-29 06:39:13', 2, 8, '甜玉米', 1, '王吉谭', 3, NULL, '2013-8-29 00:00:00', 0);
INSERT INTO `t_grow_register` (`id`, `adate`, `auser_id`, `cdate`, `comment`, `cuser_id`, `status`, `udate`, `uuser_id`, `cell_id`, `description`, `growstatus`, `person`, `product_id`, `qrcode`, `regdate`, `reguser_id`) VALUES (5, NULL, 0, '2013-8-29 06:39:42', '', 2, 0, '2013-8-29 06:39:42', 2, 9, '冬小麦', 1, '王吉潭', 6, NULL, '2013-8-30 00:00:00', 0);

INSERT INTO `t_manure_instock` (`id`, `adate`, `auser_id`, `cdate`, `comment`, `cuser_id`, `status`, `udate`, `uuser_id`, `batch_id`, `kind_id`, `name_id`, `producer_id`, `quantity`, `spec_id`, `element`, `expirydate`, `indate`, `inuser_id`, `location`, `stock_id`, `vendor`, `wrap`) VALUES (1, NULL, 0, '2013-6-6 20:53:11', '', 3, 2, '2013-6-6 20:53:11', 3, 3, 5, 1, 4, 123.00, 2, '', '2013-6-10 00:00:00', '2013-5-27 00:00:00', 3, '', 1, '吖', '');
INSERT INTO `t_manure_instock` (`id`, `adate`, `auser_id`, `cdate`, `comment`, `cuser_id`, `status`, `udate`, `uuser_id`, `batch_id`, `kind_id`, `name_id`, `producer_id`, `quantity`, `spec_id`, `element`, `expirydate`, `indate`, `inuser_id`, `location`, `stock_id`, `vendor`, `wrap`) VALUES (2, NULL, 0, '2013-8-27 13:39:16', '', 2, 0, '2013-8-27 13:39:16', 2, 3, 5, 1, 4, 33.00, 2, 's', '2013-8-31 00:00:00', '2013-8-27 00:00:00', 2, 'Te', 0, 'Tes', 'gg');
INSERT INTO `t_manure_instock` (`id`, `adate`, `auser_id`, `cdate`, `comment`, `cuser_id`, `status`, `udate`, `uuser_id`, `batch_id`, `kind_id`, `name_id`, `producer_id`, `quantity`, `spec_id`, `element`, `expirydate`, `indate`, `inuser_id`, `location`, `stock_id`, `vendor`, `wrap`) VALUES (3, NULL, 0, '2013-8-29 06:15:10', '', 2, 2, '2013-8-29 06:15:10', 2, 16, 5, 1, 4, 5000.00, 18, '磷酸二氢钾', '2013-11-29 00:00:00', '2013-8-29 00:00:00', 2, '北京', 2, '中化化肥有限公司', '塑料');
INSERT INTO `t_manure_instock` (`id`, `adate`, `auser_id`, `cdate`, `comment`, `cuser_id`, `status`, `udate`, `uuser_id`, `batch_id`, `kind_id`, `name_id`, `producer_id`, `quantity`, `spec_id`, `element`, `expirydate`, `indate`, `inuser_id`, `location`, `stock_id`, `vendor`, `wrap`) VALUES (4, NULL, 0, '2013-8-29 06:16:17', '', 2, 2, '2013-8-29 06:16:17', 2, 3, 6, 20, 10, 1000.00, 2, '', '2013-11-14 00:00:00', '2013-8-21 00:00:00', 2, '', 3, '', '');

INSERT INTO `t_manure_outstock` (`id`, `adate`, `auser_id`, `cdate`, `comment`, `cuser_id`, `status`, `udate`, `uuser_id`, `batch_id`, `kind_id`, `name_id`, `producer_id`, `quantity`, `spec_id`, `cell_id`, `outdate`, `outuser_id`, `register_id`, `stock_id`) VALUES (1, '2013-8-29 06:23:10', 2, '2013-8-29 06:23:01', '', 0, 2, NULL, 0, 16, 0, 1, 4, 100.00, 18, 3, '2013-8-29 00:00:00', 2, 3, 2);
INSERT INTO `t_manure_outstock` (`id`, `adate`, `auser_id`, `cdate`, `comment`, `cuser_id`, `status`, `udate`, `uuser_id`, `batch_id`, `kind_id`, `name_id`, `producer_id`, `quantity`, `spec_id`, `cell_id`, `outdate`, `outuser_id`, `register_id`, `stock_id`) VALUES (2, NULL, 0, '2013-8-29 06:23:31', '', 0, 0, NULL, 0, 3, 0, 20, 10, 300.00, 2, 3, '2013-8-29 00:00:00', 2, 3, 3);

INSERT INTO `t_manure_resource` (`id`, `adate`, `auser_id`, `cdate`, `comment`, `cuser_id`, `status`, `udate`, `uuser_id`, `name`, `type`) VALUES (1, NULL, 0, '2013-6-6 20:51:58', '', 3, 0, '2013-8-29 06:12:44', 2, '磷酸二氢钾', 'PM');
INSERT INTO `t_manure_resource` (`id`, `adate`, `auser_id`, `cdate`, `comment`, `cuser_id`, `status`, `udate`, `uuser_id`, `name`, `type`) VALUES (2, NULL, 0, '2013-6-6 20:52:33', '', 3, 0, '2013-8-29 06:12:01', 2, '40kg', 'GG');
INSERT INTO `t_manure_resource` (`id`, `adate`, `auser_id`, `cdate`, `comment`, `cuser_id`, `status`, `udate`, `uuser_id`, `name`, `type`) VALUES (3, NULL, 0, '2013-6-6 20:52:44', '', 3, 0, '2013-8-29 06:11:16', 2, '20130821', 'SCPH');
INSERT INTO `t_manure_resource` (`id`, `adate`, `auser_id`, `cdate`, `comment`, `cuser_id`, `status`, `udate`, `uuser_id`, `name`, `type`) VALUES (4, NULL, 0, '2013-6-6 20:52:49', '', 3, 0, '2013-8-29 06:09:50', 2, '中化化肥有限公司', 'SCS');
INSERT INTO `t_manure_resource` (`id`, `adate`, `auser_id`, `cdate`, `comment`, `cuser_id`, `status`, `udate`, `uuser_id`, `name`, `type`) VALUES (5, NULL, 0, '2013-6-6 20:52:55', '', 3, 0, '2013-8-29 06:13:17', 2, '磷肥', 'ZL');
INSERT INTO `t_manure_resource` (`id`, `adate`, `auser_id`, `cdate`, `comment`, `cuser_id`, `status`, `udate`, `uuser_id`, `name`, `type`) VALUES (6, NULL, 0, '2013-8-29 06:09:12', '', 2, 0, '2013-8-29 06:13:24', 2, '氮肥', 'ZL');
INSERT INTO `t_manure_resource` (`id`, `adate`, `auser_id`, `cdate`, `comment`, `cuser_id`, `status`, `udate`, `uuser_id`, `name`, `type`) VALUES (7, NULL, 0, '2013-8-29 06:09:25', '', 2, 0, '2013-8-29 06:13:30', 2, '钾肥', 'ZL');
INSERT INTO `t_manure_resource` (`id`, `adate`, `auser_id`, `cdate`, `comment`, `cuser_id`, `status`, `udate`, `uuser_id`, `name`, `type`) VALUES (8, NULL, 0, '2013-8-29 06:09:36', '', 2, 0, '2013-8-29 06:13:39', 2, '矿物质', 'ZL');
INSERT INTO `t_manure_resource` (`id`, `adate`, `auser_id`, `cdate`, `comment`, `cuser_id`, `status`, `udate`, `uuser_id`, `name`, `type`) VALUES (9, NULL, 0, '2013-8-29 06:10:20', '', 2, 0, '2013-8-29 06:10:20', 2, '湖北宜化集团有限责任公司 ', 'SCS');
INSERT INTO `t_manure_resource` (`id`, `adate`, `auser_id`, `cdate`, `comment`, `cuser_id`, `status`, `udate`, `uuser_id`, `name`, `type`) VALUES (10, NULL, 0, '2013-8-29 06:10:29', '', 2, 0, '2013-8-29 06:10:29', 2, '山东鲁北企业集团总公司', 'SCS');
INSERT INTO `t_manure_resource` (`id`, `adate`, `auser_id`, `cdate`, `comment`, `cuser_id`, `status`, `udate`, `uuser_id`, `name`, `type`) VALUES (11, NULL, 0, '2013-8-29 06:10:38', '', 2, 0, '2013-8-29 06:10:38', 2, '云南煤化工集团有限公司', 'SCS');
INSERT INTO `t_manure_resource` (`id`, `adate`, `auser_id`, `cdate`, `comment`, `cuser_id`, `status`, `udate`, `uuser_id`, `name`, `type`) VALUES (12, NULL, 0, '2013-8-29 06:10:50', '', 2, 0, '2013-8-29 06:10:50', 2, '青海盐湖工业集团股份有限公司', 'SCS');
INSERT INTO `t_manure_resource` (`id`, `adate`, `auser_id`, `cdate`, `comment`, `cuser_id`, `status`, `udate`, `uuser_id`, `name`, `type`) VALUES (13, NULL, 0, '2013-8-29 06:10:52', '', 2, 0, '2013-8-29 06:10:52', 2, '青海盐湖工业集团股份有限公司', 'SCS');
INSERT INTO `t_manure_resource` (`id`, `adate`, `auser_id`, `cdate`, `comment`, `cuser_id`, `status`, `udate`, `uuser_id`, `name`, `type`) VALUES (14, NULL, 0, '2013-8-29 06:11:26', '', 2, 0, '2013-8-29 06:11:26', 2, '20130625', 'SCPH');
INSERT INTO `t_manure_resource` (`id`, `adate`, `auser_id`, `cdate`, `comment`, `cuser_id`, `status`, `udate`, `uuser_id`, `name`, `type`) VALUES (15, NULL, 0, '2013-8-29 06:11:34', '', 2, 0, '2013-8-29 06:11:39', 2, '20130518', 'SCPH');
INSERT INTO `t_manure_resource` (`id`, `adate`, `auser_id`, `cdate`, `comment`, `cuser_id`, `status`, `udate`, `uuser_id`, `name`, `type`) VALUES (16, NULL, 0, '2013-8-29 06:11:45', '', 2, 0, '2013-8-29 06:11:45', 2, '20130829', 'SCPH');
INSERT INTO `t_manure_resource` (`id`, `adate`, `auser_id`, `cdate`, `comment`, `cuser_id`, `status`, `udate`, `uuser_id`, `name`, `type`) VALUES (17, NULL, 0, '2013-8-29 06:12:08', '', 2, 0, '2013-8-29 06:12:08', 2, '2kg', 'GG');
INSERT INTO `t_manure_resource` (`id`, `adate`, `auser_id`, `cdate`, `comment`, `cuser_id`, `status`, `udate`, `uuser_id`, `name`, `type`) VALUES (18, NULL, 0, '2013-8-29 06:12:14', '', 2, 0, '2013-8-29 06:12:14', 2, '50kg', 'GG');
INSERT INTO `t_manure_resource` (`id`, `adate`, `auser_id`, `cdate`, `comment`, `cuser_id`, `status`, `udate`, `uuser_id`, `name`, `type`) VALUES (19, NULL, 0, '2013-8-29 06:12:22', '', 2, 0, '2013-8-29 06:12:22', 2, '10kg', 'GG');
INSERT INTO `t_manure_resource` (`id`, `adate`, `auser_id`, `cdate`, `comment`, `cuser_id`, `status`, `udate`, `uuser_id`, `name`, `type`) VALUES (20, NULL, 0, '2013-8-29 06:12:53', '', 2, 0, '2013-8-29 06:12:53', 2, '二铵', 'PM');
INSERT INTO `t_manure_resource` (`id`, `adate`, `auser_id`, `cdate`, `comment`, `cuser_id`, `status`, `udate`, `uuser_id`, `name`, `type`) VALUES (21, NULL, 0, '2013-8-29 06:12:58', '', 2, 0, '2013-8-29 06:12:58', 2, '磷肥', 'PM');
INSERT INTO `t_manure_resource` (`id`, `adate`, `auser_id`, `cdate`, `comment`, `cuser_id`, `status`, `udate`, `uuser_id`, `name`, `type`) VALUES (22, NULL, 0, '2013-8-29 06:13:07', '', 2, 0, '2013-8-29 06:13:07', 2, '叶面肥', 'PM');

INSERT INTO `t_manure_stock` (`id`, `adate`, `auser_id`, `cdate`, `comment`, `cuser_id`, `status`, `udate`, `uuser_id`, `batch_id`, `kind_id`, `name_id`, `producer_id`, `quantity`, `spec_id`) VALUES (1, NULL, 0, '2013-6-6 20:53:14', NULL, 0, 0, NULL, 0, 3, 0, 1, 4, 123.00, 2);
INSERT INTO `t_manure_stock` (`id`, `adate`, `auser_id`, `cdate`, `comment`, `cuser_id`, `status`, `udate`, `uuser_id`, `batch_id`, `kind_id`, `name_id`, `producer_id`, `quantity`, `spec_id`) VALUES (2, NULL, 0, '2013-8-29 06:15:31', NULL, 0, 0, NULL, 0, 16, 0, 1, 4, 4900.00, 18);
INSERT INTO `t_manure_stock` (`id`, `adate`, `auser_id`, `cdate`, `comment`, `cuser_id`, `status`, `udate`, `uuser_id`, `batch_id`, `kind_id`, `name_id`, `producer_id`, `quantity`, `spec_id`) VALUES (3, NULL, 0, '2013-8-29 06:17:09', NULL, 0, 0, NULL, 0, 3, 0, 20, 10, 700.00, 2);

INSERT INTO `t_pesticide_instock` (`id`, `adate`, `auser_id`, `cdate`, `comment`, `cuser_id`, `status`, `udate`, `uuser_id`, `batch_id`, `kind_id`, `name_id`, `producer_id`, `quantity`, `spec_id`, `element`, `expirydate`, `indate`, `inuser_id`, `location`, `stock_id`, `vendor`, `wrap`) VALUES (1, NULL, 0, '2013-8-29 06:54:00', '', 2, 2, '2013-8-29 06:54:00', 2, 7, 1, 12, 5, 500.00, 9, '', '2014-8-29 00:00:00', '2013-8-29 00:00:00', 2, '', 1, '', '');
INSERT INTO `t_pesticide_instock` (`id`, `adate`, `auser_id`, `cdate`, `comment`, `cuser_id`, `status`, `udate`, `uuser_id`, `batch_id`, `kind_id`, `name_id`, `producer_id`, `quantity`, `spec_id`, `element`, `expirydate`, `indate`, `inuser_id`, `location`, `stock_id`, `vendor`, `wrap`) VALUES (2, NULL, 0, '2013-8-29 06:54:37', '', 2, 2, '2013-8-29 06:54:37', 2, 8, 3, 13, 5, 200.00, 9, '', '2013-9-26 00:00:00', '2013-8-29 00:00:00', 2, '', 2, '', '');
INSERT INTO `t_pesticide_instock` (`id`, `adate`, `auser_id`, `cdate`, `comment`, `cuser_id`, `status`, `udate`, `uuser_id`, `batch_id`, `kind_id`, `name_id`, `producer_id`, `quantity`, `spec_id`, `element`, `expirydate`, `indate`, `inuser_id`, `location`, `stock_id`, `vendor`, `wrap`) VALUES (3, NULL, 0, '2013-8-29 06:55:13', '', 2, 0, '2013-8-29 06:55:13', 2, 7, 4, 14, 6, 50.00, 11, '', '2013-8-30 00:00:00', '2013-8-23 00:00:00', 2, '', 0, '', '');

INSERT INTO `t_pesticide_outstock` (`id`, `adate`, `auser_id`, `cdate`, `comment`, `cuser_id`, `status`, `udate`, `uuser_id`, `batch_id`, `kind_id`, `name_id`, `producer_id`, `quantity`, `spec_id`, `cell_id`, `outdate`, `outuser_id`, `register_id`, `stock_id`) VALUES (1, '2013-8-29 06:56:01', 2, '2013-8-29 06:55:43', '', 0, 2, NULL, 0, 7, 0, 12, 5, 50.00, 9, 3, '2013-8-30 00:00:00', 2, 3, 1);
INSERT INTO `t_pesticide_outstock` (`id`, `adate`, `auser_id`, `cdate`, `comment`, `cuser_id`, `status`, `udate`, `uuser_id`, `batch_id`, `kind_id`, `name_id`, `producer_id`, `quantity`, `spec_id`, `cell_id`, `outdate`, `outuser_id`, `register_id`, `stock_id`) VALUES (2, NULL, 0, '2013-8-29 06:55:58', '', 0, 0, NULL, 0, 8, 0, 13, 5, 100.00, 9, 3, '2013-8-31 00:00:00', 2, 3, 2);

INSERT INTO `t_pesticide_resource` (`id`, `adate`, `auser_id`, `cdate`, `comment`, `cuser_id`, `status`, `udate`, `uuser_id`, `name`, `type`) VALUES (1, NULL, 0, '2013-8-29 06:47:24', '', 2, 0, '2013-8-29 06:47:24', 2, '杀虫剂', 'ZL');
INSERT INTO `t_pesticide_resource` (`id`, `adate`, `auser_id`, `cdate`, `comment`, `cuser_id`, `status`, `udate`, `uuser_id`, `name`, `type`) VALUES (2, NULL, 0, '2013-8-29 06:47:33', '', 2, 0, '2013-8-29 06:47:33', 2, '除草剂', 'ZL');
INSERT INTO `t_pesticide_resource` (`id`, `adate`, `auser_id`, `cdate`, `comment`, `cuser_id`, `status`, `udate`, `uuser_id`, `name`, `type`) VALUES (3, NULL, 0, '2013-8-29 06:47:47', '', 2, 0, '2013-8-29 06:47:47', 2, '杀菌剂', 'ZL');
INSERT INTO `t_pesticide_resource` (`id`, `adate`, `auser_id`, `cdate`, `comment`, `cuser_id`, `status`, `udate`, `uuser_id`, `name`, `type`) VALUES (4, NULL, 0, '2013-8-29 06:48:03', '', 2, 0, '2013-8-29 06:48:03', 2, '营养调和剂', 'ZL');
INSERT INTO `t_pesticide_resource` (`id`, `adate`, `auser_id`, `cdate`, `comment`, `cuser_id`, `status`, `udate`, `uuser_id`, `name`, `type`) VALUES (5, '2013-8-29 06:48:44', 2, '2013-8-29 06:48:25', '', 2, 2, '2013-8-29 06:48:25', 2, '中化生物农药有限公司', 'SCS');
INSERT INTO `t_pesticide_resource` (`id`, `adate`, `auser_id`, `cdate`, `comment`, `cuser_id`, `status`, `udate`, `uuser_id`, `name`, `type`) VALUES (6, NULL, 0, '2013-8-29 06:48:41', '', 2, 0, '2013-8-29 06:48:41', 2, '江西生物农药有限公司', 'SCS');
INSERT INTO `t_pesticide_resource` (`id`, `adate`, `auser_id`, `cdate`, `comment`, `cuser_id`, `status`, `udate`, `uuser_id`, `name`, `type`) VALUES (7, '2013-8-29 06:49:06', 2, '2013-8-29 06:48:55', '', 2, 2, '2013-8-29 06:48:55', 2, '20130821', 'SCPH');
INSERT INTO `t_pesticide_resource` (`id`, `adate`, `auser_id`, `cdate`, `comment`, `cuser_id`, `status`, `udate`, `uuser_id`, `name`, `type`) VALUES (8, NULL, 0, '2013-8-29 06:49:02', '', 2, 0, '2013-8-29 06:49:02', 2, '20130829', 'SCPH');
INSERT INTO `t_pesticide_resource` (`id`, `adate`, `auser_id`, `cdate`, `comment`, `cuser_id`, `status`, `udate`, `uuser_id`, `name`, `type`) VALUES (9, '2013-8-29 06:49:29', 2, '2013-8-29 06:49:15', '', 2, 2, '2013-8-29 06:49:15', 2, '10kg', 'GG');
INSERT INTO `t_pesticide_resource` (`id`, `adate`, `auser_id`, `cdate`, `comment`, `cuser_id`, `status`, `udate`, `uuser_id`, `name`, `type`) VALUES (10, '2013-8-29 06:49:31', 2, '2013-8-29 06:49:21', '', 2, 2, '2013-8-29 06:49:21', 2, '2kg', 'GG');
INSERT INTO `t_pesticide_resource` (`id`, `adate`, `auser_id`, `cdate`, `comment`, `cuser_id`, `status`, `udate`, `uuser_id`, `name`, `type`) VALUES (11, NULL, 0, '2013-8-29 06:49:26', '', 2, 0, '2013-8-29 06:49:26', 2, '500g', 'GG');
INSERT INTO `t_pesticide_resource` (`id`, `adate`, `auser_id`, `cdate`, `comment`, `cuser_id`, `status`, `udate`, `uuser_id`, `name`, `type`) VALUES (12, '2013-8-29 06:50:19', 2, '2013-8-29 06:49:47', '', 2, 2, '2013-8-29 06:49:47', 2, '杀虫双', 'PM');
INSERT INTO `t_pesticide_resource` (`id`, `adate`, `auser_id`, `cdate`, `comment`, `cuser_id`, `status`, `udate`, `uuser_id`, `name`, `type`) VALUES (13, '2013-8-29 06:50:23', 2, '2013-8-29 06:49:59', '', 2, 2, '2013-8-29 06:49:59', 2, '辛硫磷', 'PM');
INSERT INTO `t_pesticide_resource` (`id`, `adate`, `auser_id`, `cdate`, `comment`, `cuser_id`, `status`, `udate`, `uuser_id`, `name`, `type`) VALUES (14, NULL, 0, '2013-8-29 06:50:08', '', 2, 0, '2013-8-29 06:50:08', 2, '石硫合剂', 'PM');
INSERT INTO `t_pesticide_resource` (`id`, `adate`, `auser_id`, `cdate`, `comment`, `cuser_id`, `status`, `udate`, `uuser_id`, `name`, `type`) VALUES (15, NULL, 0, '2013-8-29 06:50:15', '', 2, 0, '2013-8-29 06:50:15', 2, '叶面宝', 'PM');
INSERT INTO `t_pesticide_resource` (`id`, `adate`, `auser_id`, `cdate`, `comment`, `cuser_id`, `status`, `udate`, `uuser_id`, `name`, `type`) VALUES (16, NULL, 0, '2013-8-29 06:50:50', '', 2, 0, '2013-8-29 06:50:50', 2, '甲基硫菌灵', 'PM');
INSERT INTO `t_pesticide_resource` (`id`, `adate`, `auser_id`, `cdate`, `comment`, `cuser_id`, `status`, `udate`, `uuser_id`, `name`, `type`) VALUES (17, NULL, 0, '2013-8-29 06:51:04', '', 2, 0, '2013-8-29 06:51:04', 2, '宝成', 'PM');
INSERT INTO `t_pesticide_resource` (`id`, `adate`, `auser_id`, `cdate`, `comment`, `cuser_id`, `status`, `udate`, `uuser_id`, `name`, `type`) VALUES (18, NULL, 0, '2013-8-29 06:51:52', '', 2, 0, '2013-8-29 06:51:52', 2, '银法利', 'PM');
INSERT INTO `t_pesticide_resource` (`id`, `adate`, `auser_id`, `cdate`, `comment`, `cuser_id`, `status`, `udate`, `uuser_id`, `name`, `type`) VALUES (19, NULL, 0, '2013-8-29 06:52:06', '', 2, 0, '2013-8-29 06:52:06', 2, '氟吡菌胺', 'PM');
INSERT INTO `t_pesticide_resource` (`id`, `adate`, `auser_id`, `cdate`, `comment`, `cuser_id`, `status`, `udate`, `uuser_id`, `name`, `type`) VALUES (20, NULL, 0, '2013-8-29 06:52:18', '', 2, 0, '2013-8-29 06:52:18', 2, '高效氯氟氰菊酯', 'PM');
INSERT INTO `t_pesticide_resource` (`id`, `adate`, `auser_id`, `cdate`, `comment`, `cuser_id`, `status`, `udate`, `uuser_id`, `name`, `type`) VALUES (21, NULL, 0, '2013-8-29 06:52:35', '', 2, 0, '2013-8-29 06:52:35', 2, '噻虫嗪', 'PM');

INSERT INTO `t_pesticide_stock` (`id`, `adate`, `auser_id`, `cdate`, `comment`, `cuser_id`, `status`, `udate`, `uuser_id`, `batch_id`, `kind_id`, `name_id`, `producer_id`, `quantity`, `spec_id`) VALUES (1, NULL, 0, '2013-8-29 06:54:06', NULL, 0, 0, NULL, 0, 7, 0, 12, 5, 450.00, 9);
INSERT INTO `t_pesticide_stock` (`id`, `adate`, `auser_id`, `cdate`, `comment`, `cuser_id`, `status`, `udate`, `uuser_id`, `batch_id`, `kind_id`, `name_id`, `producer_id`, `quantity`, `spec_id`) VALUES (2, NULL, 0, '2013-8-29 06:54:41', NULL, 0, 0, NULL, 0, 8, 0, 13, 5, 100.00, 9);

INSERT INTO `t_production_cell` (`id`, `adate`, `auser_id`, `cdate`, `comment`, `cuser_id`, `status`, `udate`, `uuser_id`, `area`, `builddate`, `code`, `location`, `usestatus`) VALUES (1, '2013-6-6 20:40:08', 3, '2013-6-6 20:39:08', NULL, 3, 2, '2013-6-6 20:51:26', 3, 1001.00, '2013-6-2 00:00:00', '单元A', '东方', 1);
INSERT INTO `t_production_cell` (`id`, `adate`, `auser_id`, `cdate`, `comment`, `cuser_id`, `status`, `udate`, `uuser_id`, `area`, `builddate`, `code`, `location`, `usestatus`) VALUES (2, '2013-8-29 06:37:18', 2, '2013-6-6 20:39:25', NULL, 3, 2, '2013-6-6 20:39:25', 3, 1002.00, '2013-6-2 00:00:00', '单元B', '南方', 0);
INSERT INTO `t_production_cell` (`id`, `adate`, `auser_id`, `cdate`, `comment`, `cuser_id`, `status`, `udate`, `uuser_id`, `area`, `builddate`, `code`, `location`, `usestatus`) VALUES (3, '2013-6-6 20:40:14', 3, '2013-6-6 20:39:42', NULL, 3, 2, '2013-8-29 07:01:23', 2, 1003.00, '2013-5-26 00:00:00', '单元C', '西方', 0);
INSERT INTO `t_production_cell` (`id`, `adate`, `auser_id`, `cdate`, `comment`, `cuser_id`, `status`, `udate`, `uuser_id`, `area`, `builddate`, `code`, `location`, `usestatus`) VALUES (4, '2013-8-29 06:37:21', 2, '2013-6-6 20:39:56', NULL, 3, 2, '2013-6-6 20:39:56', 3, 1004.00, '2013-5-30 00:00:00', '单元D', '北方', 0);
INSERT INTO `t_production_cell` (`id`, `adate`, `auser_id`, `cdate`, `comment`, `cuser_id`, `status`, `udate`, `uuser_id`, `area`, `builddate`, `code`, `location`, `usestatus`) VALUES (5, '2013-8-27 13:37:21', 2, '2013-8-27 13:37:16', NULL, 2, 2, '2013-8-27 13:38:18', 2, 123.00, '2013-8-7 00:00:00', 'TEST1', 'test1', 0);
INSERT INTO `t_production_cell` (`id`, `adate`, `auser_id`, `cdate`, `comment`, `cuser_id`, `status`, `udate`, `uuser_id`, `area`, `builddate`, `code`, `location`, `usestatus`) VALUES (6, '2013-8-29 01:03:59', 2, '2013-8-29 01:03:23', NULL, 2, 2, '2013-8-29 01:03:53', 2, 1000.00, '2013-7-28 00:00:00', '单元E', '西南1', 0);
INSERT INTO `t_production_cell` (`id`, `adate`, `auser_id`, `cdate`, `comment`, `cuser_id`, `status`, `udate`, `uuser_id`, `area`, `builddate`, `code`, `location`, `usestatus`) VALUES (7, NULL, 0, '2013-8-29 06:32:51', NULL, 2, 0, '2013-8-29 06:32:51', 2, 500.00, '2013-8-29 00:00:00', 'CQC-A', '南四环西路1号楼', 0);
INSERT INTO `t_production_cell` (`id`, `adate`, `auser_id`, `cdate`, `comment`, `cuser_id`, `status`, `udate`, `uuser_id`, `area`, `builddate`, `code`, `location`, `usestatus`) VALUES (8, '2013-8-29 06:37:15', 2, '2013-8-29 06:33:16', NULL, 2, 2, '2013-8-29 06:39:13', 2, 500.00, '2013-8-29 00:00:00', 'CQC-B', '2号楼', 1);
INSERT INTO `t_production_cell` (`id`, `adate`, `auser_id`, `cdate`, `comment`, `cuser_id`, `status`, `udate`, `uuser_id`, `area`, `builddate`, `code`, `location`, `usestatus`) VALUES (9, '2013-8-29 06:37:11', 2, '2013-8-29 06:33:40', NULL, 2, 2, '2013-8-29 06:39:42', 2, 500.00, '2013-8-29 00:00:00', 'CQC-C', '3号楼', 1);
INSERT INTO `t_production_cell` (`id`, `adate`, `auser_id`, `cdate`, `comment`, `cuser_id`, `status`, `udate`, `uuser_id`, `area`, `builddate`, `code`, `location`, `usestatus`) VALUES (10, '2013-8-29 06:37:08', 2, '2013-8-29 06:34:13', NULL, 2, 2, '2013-8-29 06:34:13', 2, 500.00, '2013-8-30 00:00:00', 'CQC-D', '4号楼', 0);
